"Folder","Pose","Files","MaxW","MaxH","Scale"
"idle_rotation_calm","stand","8","40","119","0,992"
"south_powerup","stand","9","69","124","0,952"
"die_death_frame\east","fall","8","76","124","0,71"
"die_death_frame\north","fall","8","99","111","0,793"
"die_death_frame\north_east","fall","9","114","123","0,715"
"die_death_frame\north_west","fall","8","103","124","0,71"
"die_death_frame\south","fall","8","96","120","0,733"
"die_death_frame\south_east","fall","8","96","99","0,889"
"die_death_frame\south_west","fall","9","87","102","0,863"
"die_death_frame\west","fall","8","75","121","0,727"
"emotions\emo_no","stand","9","103","123","0,959"
"emotions\emo_scared","stand","9","82","124","0,952"
"emotions\emo_smug","stand","9","57","124","0,952"
"holding_a_longbow_h\rotations","stand","8","124","121","0,968"
"holding_a_longbow_h\animations\bow_idle_running\east","stand","9","86","124","0,952"
"holding_a_longbow_h\animations\bow_idle_running\north","stand","9","124","115","0,968"
"holding_a_longbow_h\animations\bow_idle_running\north-east","stand","9","121","116","0,992"
"holding_a_longbow_h\animations\bow_idle_running\north-west","stand","9","119","123","0,959"
"holding_a_longbow_h\animations\bow_idle_running\south","stand","9","124","111","0,968"
"holding_a_longbow_h\animations\bow_idle_running\south-east","stand","9","124","102","0,968"
"holding_a_longbow_h\animations\bow_idle_running\south-west","stand","9","124","110","0,968"
"holding_a_longbow_h\animations\bow_idle_running\west","stand","9","111","124","0,952"
"holding_a_longbow_h\animations\bow_idle_shooting\east","stand","9","92","124","0,952"
"holding_a_longbow_h\animations\bow_idle_shooting\north","stand","9","124","117","0,968"
"holding_a_longbow_h\animations\bow_idle_shooting\north-east","stand","9","109","124","0,952"
"holding_a_longbow_h\animations\bow_idle_shooting\north-west","stand","9","113","124","0,952"
"holding_a_longbow_h\animations\bow_idle_shooting\south","stand","9","121","124","0,952"
"holding_a_longbow_h\animations\bow_idle_shooting\south-east","stand","9","108","124","0,952"
"holding_a_longbow_h\animations\bow_idle_shooting\south-west","stand","9","119","124","0,952"
"holding_a_longbow_h\animations\bow_idle_shooting\west","stand","9","82","124","0,952"
"holding_daggers_due\rotations","stand","8","99","124","0,952"
"holding_daggers_due\animations\daggers_idle_running\east","stand","9","110","124","0,952"
"holding_daggers_due\animations\daggers_idle_running\north","stand","9","105","124","0,952"
"holding_daggers_due\animations\daggers_idle_running\north_east","stand","9","102","123","0,959"
"holding_daggers_due\animations\daggers_idle_running\north_west","stand","9","104","124","0,952"
"holding_daggers_due\animations\daggers_idle_running\south","stand","9","100","117","1,009"
"holding_daggers_due\animations\daggers_idle_running\south-east","stand","9","97","124","0,952"
"holding_daggers_due\animations\daggers_idle_running\south_west","stand","9","104","123","0,959"
"holding_daggers_due\animations\daggers_idle_running\west","stand","9","69","80","1,475"
"holding_daggers_due\animations\daggers_idle_runstartframe\east","stand","9","99","123","0,959"
"holding_daggers_due\animations\daggers_idle_runstartframe\north-east","stand","9","104","124","0,952"
"holding_daggers_due\animations\daggers_idle_runstartframe\south","stand","9","112","124","0,952"
"holding_daggers_due\animations\daggers_idle_runstartframe\south-east","stand","9","101","124","0,952"
"holding_daggers_due\animations\daggers_idle_runstartframe\south-west","stand","9","103","124","0,952"
"holding_daggers_due\animations\daggers_idle_runstartframe\west","stand","9","97","123","0,959"
"holding_staff_long\rotations_staff","stand","8","63","124","0,952"
"holding_staff_long\animations_staff\holding_staff_closing_eyes_chanting_sticking_one_a\staff_emo_victory","stand","9","103","124","0,952"
"holding_staff_long\animations_staff\holding_staff_closing_eyes_chanting_sticking_one_a\idle_breathing\idle_north","stand","9","110","124","0,952"
"holding_staff_long\animations_staff\holding_staff_closing_eyes_chanting_sticking_one_a\idle_breathing\idle_south","stand","9","76","92","1,283"
"holding_staff_long\animations_staff\holding_staff_closing_eyes_chanting_sticking_one_a\staffskill1\staffskill1_Buff_north_east","stand","9","106","124","0,952"
"holding_staff_long\animations_staff\holding_staff_closing_eyes_chanting_sticking_one_a\staffskill1\staffskill1_Buff_south","stand","9","99","124","0,952"
"holding_staff_long\animations_staff\holding_staff_closing_eyes_chanting_sticking_one_a\staffskill1\staffskill1_Buff_south_west","stand","9","52","124","0,952"
"holding_staff_long\animations_staff\running_foeward_running_while_holding_thwo_handed\east","stand","9","110","124","0,952"
"holding_staff_long\animations_staff\running_foeward_running_while_holding_thwo_handed\north","stand","9","83","124","0,952"
"holding_staff_long\animations_staff\running_foeward_running_while_holding_thwo_handed\north-east","stand","9","106","124","0,952"
"holding_staff_long\animations_staff\running_foeward_running_while_holding_thwo_handed\north-west","stand","9","112","124","0,952"
"holding_staff_long\animations_staff\running_foeward_running_while_holding_thwo_handed\south","stand","9","106","124","0,952"
"holding_staff_long\animations_staff\running_foeward_running_while_holding_thwo_handed\south-east","stand","9","112","123","0,959"
"holding_staff_long\animations_staff\running_foeward_running_while_holding_thwo_handed\south-west","stand","9","101","123","0,959"
"holding_staff_long\animations_staff\running_foeward_running_while_holding_thwo_handed\west","stand","9","117","124","0,952"
"holding_unarmed\rotations","stand","8","71","124","0,952"
"holding_unarmed\animations\Cross_Punch\east","stand","6","85","124","0,952"
"holding_unarmed\animations\Cross_Punch\north-east","stand","6","66","124","0,952"
"holding_unarmed\animations\Cross_Punch\north-west","stand","6","80","124","0,952"
"holding_unarmed\animations\Cross_Punch\south","stand","6","58","124","0,952"
"holding_unarmed\animations\Cross_Punch\south-east","stand","6","74","124","0,952"
"holding_unarmed\animations\Cross_Punch\south-west","stand","6","64","124","0,952"
"holding_unarmed\animations\Cross_Punch\west","stand","6","87","124","0,952"
"holding_unarmed\animations\Roundhouse_Kick\east","stand","7","101","124","0,952"
"holding_unarmed\animations\Roundhouse_Kick\north-east","stand","7","93","124","0,952"
"holding_unarmed\animations\Roundhouse_Kick\north-west","stand","7","106","124","0,952"
"holding_unarmed\animations\Roundhouse_Kick\south","stand","7","79","122","0,967"
"holding_unarmed\animations\Roundhouse_Kick\south-east","stand","7","105","124","0,952"
"holding_unarmed\animations\Roundhouse_Kick\west","stand","7","101","124","0,952"
"holding_zweihander\rotations_zweihander","stand","8","103","124","0,952"
"holding_zweihander\animations_zweihander\idle_running_zweihander\grip2_idlewalk\east_grip2","stand","9","109","123","0,959"
"holding_zweihander\animations_zweihander\idle_running_zweihander\grip2_idlewalk\north_west_grip2","stand","9","99","124","0,952"
"holding_zweihander\animations_zweihander\idle_running_zweihander\grip2_idlewalk\south_west_grip2","stand","9","104","124","0,952"
"holding_zweihander\animations_zweihander\idle_running_zweihander\oneohanded_sword_idlewalk\north-east_oneh","stand","9","76","80","1,475"
"holding_zweihander\animations_zweihander\idle_running_zweihander\oneohanded_sword_idlewalk\south-east_oneh","stand","9","93","123","0,959"
"holding_zweihander\animations_zweihander\idle_running_zweihander\oneohanded_sword_idlewalk\south_west_oneh","stand","9","110","124","0,952"
"holding_zweihander\animations_zweihander\idle_running_zweihander\oneohanded_sword_idlewalk\west_oneh","stand","9","108","123","0,959"
"holding_zweihander\animations_zweihander\idle_running_zweihander\zweihander_idlewalk\south_east_twoh","stand","9","103","124","0,952"
"holding_zweihander\animations_zweihander\swordattacks\swordskill10_buff","stand","9","124","116","0,968"
"holding_zweihander\animations_zweihander\swordattacks\swordskill11_southeast_flurryofblows","stand","9","118","105","1,017"
"holding_zweihander\animations_zweihander\swordattacks\swordskill12_southE_focused_hit","stand","9","123","110","0,976"
"holding_zweihander\animations_zweihander\swordattacks\swordskill13_NtoS_counter","stand","9","124","108","0,968"
"holding_zweihander\animations_zweihander\swordattacks\swordskill14_southE_reverse_flow","stand","9","124","115","0,968"
"holding_zweihander\animations_zweihander\swordattacks\swordskill1_swordwhirl","stand","16","119","124","0,952"
"holding_zweihander\animations_zweihander\swordattacks\swordskill3_electricslash","stand","9","124","91","0,968"
"holding_zweihander\animations_zweihander\swordattacks\swordskill4_southE_zweiteiler","stand","9","124","110","0,968"
"holding_zweihander\animations_zweihander\swordattacks\swordskill5_Buff","stand","9","112","124","0,952"
"holding_zweihander\animations_zweihander\swordattacks\swordskill8_Buff","stand","9","113","124","0,952"
"holding_zweihander\animations_zweihander\swordattacks\swordskill9_bash","stand","9","100","123","0,959"
"holding_zweihander\animations_zweihander\swordattacks\Swordskills6_Buff","stand","9","109","124","0,952"
"holding_zweihander\animations_zweihander\swordattacks\swordskill_northE_flurry","stand","9","122","123","0,959"
"holding_zweihander\animations_zweihander\swordattacks\swordskill_northE_stab","stand","9","104","124","0,952"
"holding_zweihander\animations_zweihander\swordattacks\autoattack_sword1\north-east","stand","9","109","123","0,959"
"holding_zweihander\animations_zweihander\swordattacks\autoattack_sword1\south-east","stand","9","101","123","0,959"
"holding_zweihander\animations_zweihander\swordattacks\swordskill1_swordwhirl\north-west","stand","9","119","124","0,952"
"holding_zweihander\animations_zweihander\swordattacks\swordskill1_swordwhirl\west","stand","9","109","124","0,952"
"holding_zweihander\animations_zweihander\swordattacks\swordskills2_slasher\south-west","stand","9","111","124","0,952"
"holding_zweihander\animations_zweihander\sword_emotion\emo_sword","stand","9","107","124","0,952"
"holding_zweihander\animations_zweihander\sword_emotion\emo_sword_cheering","stand","9","116","124","0,952"
"holding_zweihander\animations_zweihander\sword_emotion\emo_sword_heavy_zweihander","stand","9","108","123","0,959"
"holding_zweihander\animations_zweihander\sword_emotion\emo_sword_pose","stand","9","101","123","0,959"
"holding_zweihander\animations_zweihander\sword_emotion\emo_sword_threaten","stand","9","97","123","0,959"
"holding_zweihander\animations_zweihander\sword_emotion\emo_sword_victory","stand","9","106","124","0,952"
"idle_dmg_frame\north","stand","9","68","124","0,952"
"idle_dmg_frame\south","stand","9","56","124","0,952"
"idle_pickup\north","stand","9","99","124","0,952"
"idle_pickup\south","stand","9","69","123","0,959"
"idle_rotation_breathing\east","stand","4","38","124","0,952"
"idle_rotation_breathing\north","stand","4","31","124","0,952"
"idle_rotation_breathing\north_east","stand","4","37","124","0,952"
"idle_rotation_breathing\north_west","stand","4","41","124","0,952"
"idle_rotation_breathing\south","stand","4","30","124","0,952"
"idle_rotation_breathing\south_east","stand","4","37","124","0,952"
"idle_rotation_breathing\south_west","stand","4","35","124","0,952"
"idle_rotation_breathing\west","stand","4","40","124","0,952"
"idle_running\east","stand","17","101","124","0,952"
"idle_running\east2","stand","17","103","124","0,952"
"idle_running\north","stand","17","66","124","0,952"
"idle_running\north_east","stand","17","67","123","0,959"
"idle_running\north_west","stand","17","84","124","0,952"
"idle_running\south","stand","17","57","124","0,952"
"idle_running\south_west","stand","17","87","124","0,952"
"idle_running\west","stand","17","95","124","0,952"
"idle_sitting\east","sit","9","80","123","0,683"
"idle_sitting\north","sit","9","85","124","0,677"
"idle_sitting\south","sit","9","75","124","0,677"
"idle_sitting\west","sit","9","66","123","0,683"
